{"cameraMode":{"drawMode":0,"name":"Shaded","section":"Shading Mode"},"sceneLighting":false,"audioPlay":false,"sceneViewState":{"m_AlwaysRefresh":false,"showFog":true,"showSkybox":false,"showFlares":true,"showImageEffects":true,"showParticleSystems":true,"showVisualEffectGraphs":true,"m_FxEnabled":true},"in2DMode":false,"pivot":{"x":0.4437415599822998,"y":0.2818714380264282,"z":-0.23668205738067628},"rotation":{"x":-0.007655761670321226,"y":0.986616849899292,"z":-0.15548624098300935,"w":-0.04857960715889931},"size":1.3286528587341309,"orthographic":false}